{
    "prepare_queue": {
        "installed": [],
        "uninstalled": []
    },
    "config_munge": {
        "files": {
            "config.xml": {
                "parents": {
                    "/*": [
                        {
                            "xml": "<feature name=\"BMSClient\"><param name=\"ios-package\" value=\"CDVBMSClient\" /></feature>",
                            "count": 1
                        },
                        {
                            "xml": "<feature name=\"MFPRequest\"><param name=\"ios-package\" value=\"CDVMFPRequest\" /></feature>",
                            "count": 1
                        },
                        {
                            "xml": "<feature name=\"MFPLogger\"><param name=\"ios-package\" value=\"CDVMFPLogger\" /></feature>",
                            "count": 1
                        },
                        {
                            "xml": "<feature name=\"MFPAnalytics\"><param name=\"ios-package\" value=\"CDVMFPAnalytics\" /></feature>",
                            "count": 1
                        },
                        {
                            "xml": "<feature name=\"MFPAuthorizationManager\"><param name=\"ios-package\" value=\"CDVMFPAuthorizationManager\" /></feature>",
                            "count": 1
                        },
                        {
                            "xml": "<feature name=\"MFPAuthenticationContext\"><param name=\"ios-package\" value=\"CDVMFPAuthenticationContext\" /></feature>",
                            "count": 1
                        },
                        {
                            "xml": "<feature name=\"MFPPushPlugin\"><param name=\"ios-package\" value=\"CDVMFPPush\" /></feature>",
                            "count": 1
                        }
                    ]
                }
            }
        }
    },
    "installed_plugins": {
        "ibm-mfp-core": {
            "PACKAGE_NAME": "com.ionicframework.starter"
        },
        "ibm-mfp-push": {
            "PACKAGE_NAME": "com.ionicframework.starter"
        }
    },
    "dependent_plugins": {},
    "modules": [
        {
            "file": "plugins/ibm-mfp-core/www/BMSClient.js",
            "id": "ibm-mfp-core.BMSClient",
            "pluginId": "ibm-mfp-core",
            "clobbers": [
                "BMSClient"
            ]
        },
        {
            "file": "plugins/ibm-mfp-core/www/MFPRequest.js",
            "id": "ibm-mfp-core.MFPRequest",
            "pluginId": "ibm-mfp-core",
            "clobbers": [
                "MFPRequest"
            ]
        },
        {
            "file": "plugins/ibm-mfp-core/www/MFPLogger.js",
            "id": "ibm-mfp-core.MFPLogger",
            "pluginId": "ibm-mfp-core",
            "clobbers": [
                "MFPLogger"
            ]
        },
        {
            "file": "plugins/ibm-mfp-core/www/MFPAnalytics.js",
            "id": "ibm-mfp-core.MFPAnalytics",
            "pluginId": "ibm-mfp-core",
            "clobbers": [
                "MFPAnalytics"
            ]
        },
        {
            "file": "plugins/ibm-mfp-core/www/MFPAuthorizationManager.js",
            "id": "ibm-mfp-core.MFPAuthorizationManager",
            "pluginId": "ibm-mfp-core",
            "clobbers": [
                "MFPAuthorizationManager"
            ]
        },
        {
            "file": "plugins/ibm-mfp-push/www/MFPPush.js",
            "id": "ibm-mfp-push.MFPPush",
            "pluginId": "ibm-mfp-push",
            "clobbers": [
                "MFPPush"
            ]
        }
    ],
    "plugin_metadata": {
        "ibm-mfp-core": "1.0.10",
        "ibm-mfp-push": "1.0.12"
    }
}